{
  "Adam (lr=0.003)": {
    "accs": [
      53.12,
      54.32,
      52.6,
      53.94,
      53.12
    ],
    "val_mean": 53.419999999999995,
    "val_std": 0.6951258878793105,
    "ep_to_target": [
      2,
      2,
      3,
      2,
      3
    ],
    "ep_mean": 2.4,
    "ep_std": 0.5477225575051661,
    "n_reached": 5
  },
  "Adam-PID (Kp1.0,Kd0.3)": {
    "accs": [
      53.18000000000001,
      52.6,
      51.82,
      52.959999999999994,
      52.580000000000005
    ],
    "val_mean": 52.628,
    "val_std": 0.5174166599559784,
    "ep_to_target": [
      3,
      3,
      3,
      3,
      3
    ],
    "ep_mean": 3.0,
    "ep_std": 0.0,
    "n_reached": 5
  }
}