{"SGD": {"epoch": [1, 2, 3, 4, 5, 6, 7, 8, 9, 10], "train_loss": [1.403836965560913, 1.253008246421814, 1.3120830059051514, 1.0535691976547241, 1.1244224309921265, 1.0153722763061523, 1.062469482421875, 0.9541507959365845, 1.0217093229293823, 0.9215097427368164], "train_acc": [0.4944, 0.558, 0.5404, 0.6364, 0.6094, 0.6434, 0.6202, 0.668, 0.6394, 0.6804], "test_loss": [1.448257565498352, 1.3165355920791626, 1.3987164497375488, 1.160510778427124, 1.2487781047821045, 1.1485061645507812, 1.205636978149414, 1.1052054166793823, 1.1808916330337524, 1.0950590372085571], "test_acc": [0.484, 0.5353, 0.5119, 0.5952, 0.5667, 0.6015, 0.5713, 0.6136, 0.5952, 0.6269], "cum_time": [68.36888386900002, 137.39818504700003, 207.85008952200005, 278.541807413, 349.16183181, 418.8881455740001, 489.5804395440001, 564.6397050630002, 637.6415752490001, 709.6846437490001], "cum_flops": [142110720000.0, 284221440000.0, 426332160000.0, 568442880000.0, 710553600000.0, 852664320000.0, 994775040000.0, 1136885760000.0, 1278996480000.0, 1421107200000.0], "energy_kwh": 0.0073392655084387574, "avg_power_w": 42.74474530097935, "co2_g_brasil": 0.8807118610126509}, "Adam": {"epoch": [1, 2, 3, 4, 5, 6, 7, 8, 9, 10], "train_loss": [1.3593993186950684, 1.2258836030960083, 1.1604758501052856, 1.091963529586792, 1.0542337894439697, 1.0096406936645508, 0.9939770698547363, 0.9793822169303894, 0.960016131401062, 0.941154956817627], "train_acc": [0.5164, 0.5762, 0.5988, 0.6222, 0.6308, 0.6558, 0.659, 0.6626, 0.6736, 0.6752], "test_loss": [1.3879828453063965, 1.2764543294906616, 1.236453652381897, 1.1751195192337036, 1.1567612886428833, 1.1217641830444336, 1.121634840965271, 1.1131434440612793, 1.0987197160720825, 1.0943362712860107], "test_acc": [0.5079, 0.5523, 0.5656, 0.5885, 0.5989, 0.6142, 0.6108, 0.6121, 0.6215, 0.6214], "cum_time": [72.03109456300001, 143.86775485099997, 216.29042308499993, 288.4441037490001, 360.65340682400006, 432.654886734, 504.9672041220001, 576.7814518740001, 649.488613574, 722.1466922250002], "cum_flops": [142110720000.0, 284221440000.0, 426332160000.0, 568442880000.0, 710553600000.0, 852664320000.0, 994775040000.0, 1136885760000.0, 1278996480000.0, 1421107200000.0], "energy_kwh": 0.007456075824666626, "avg_power_w": 42.85242743828739, "co2_g_brasil": 0.8947290989599951}, "_meta": {"epochs": 10, "batch": 128, "n_train": 45000, "n_test": 10000, "brasil_kg_co2_por_kwh": 0.12, "energia_medida": true}, "SGD-PID": {"epoch": [1, 2, 3, 4, 5, 6, 7, 8, 9, 10], "train_loss": [1.964431881904602, 1.9161168336868286, 1.8920687437057495, 1.813859224319458, 1.736983060836792, 1.869125247001648, 1.6769890785217285, 1.74031662940979, 1.6298809051513672, 1.5901724100112915], "train_acc": [0.2836, 0.3084, 0.3454, 0.3448, 0.3612, 0.3326, 0.3768, 0.3746, 0.3912, 0.4272], "test_loss": [1.9676910638809204, 1.9045730829238892, 1.9112355709075928, 1.8147597312927246, 1.7418289184570312, 1.9304416179656982, 1.7066757678985596, 1.7422003746032715, 1.6569933891296387, 1.6312357187271118], "test_acc": [0.2908, 0.3125, 0.3422, 0.3475, 0.362, 0.3224, 0.3605, 0.376, 0.3914, 0.4115], "cum_time": [69.20725471200012, 137.90895006300025, 206.4638027190001, 275.58337147300017, 344.9179551020002, 413.44859644400026, 482.09326037000005, 551.5203943889999, 620.507897747, 689.7125611959998], "cum_flops": [142110720000.0, 284221440000.0, 426332160000.0, 568442880000.0, 710553600000.0, 852664320000.0, 994775040000.0, 1136885760000.0, 1278996480000.0, 1421107200000.0], "energy_kwh": 0.007146122773906529, "avg_power_w": 42.62639352028278, "co2_g_brasil": 0.8575347328687835}, "Adam-PID": {"epoch": [1, 2, 3, 4, 5, 6, 7, 8, 9, 10], "train_loss": [1.2981891632080078, 1.1370335817337036, 1.0871498584747314, 1.014316201210022, 1.0161808729171753, 0.9583402276039124, 0.9623385667800903, 0.9745522737503052, 0.9465160369873047, 0.8898685574531555], "train_acc": [0.5412, 0.611, 0.6136, 0.6468, 0.6512, 0.6708, 0.6578, 0.6602, 0.668, 0.697], "test_loss": [1.3417603969573975, 1.213480830192566, 1.1877580881118774, 1.1321228742599487, 1.1468948125839233, 1.0974665880203247, 1.1189773082733154, 1.127293348312378, 1.1173179149627686, 1.0807355642318726], "test_acc": [0.5243, 0.5806, 0.5834, 0.6103, 0.6067, 0.6192, 0.6112, 0.6117, 0.6158, 0.6261], "cum_time": [71.75660053000001, 144.10135620599976, 216.50135662899993, 288.8230339329998, 361.05133538200016, 433.81565224199994, 505.8849695600002, 578.1881114160001, 650.4384551530002, 723.3058178670003], "cum_flops": [142110720000.0, 284221440000.0, 426332160000.0, 568442880000.0, 710553600000.0, 852664320000.0, 994775040000.0, 1136885760000.0, 1278996480000.0, 1421107200000.0], "energy_kwh": 0.007491170244038986, "avg_power_w": 42.82825764798788, "co2_g_brasil": 0.8989404292846783}}