{"SGD": {"epoch": [1, 2, 3, 4, 5, 6, 7, 8, 9, 10], "train_loss": [0.2821209979107505, 0.21743657111939857, 0.18023077625854125, 0.1516897171151419, 0.13539545557705762, 0.11581189007080597, 0.10641753623960945, 0.09318876008125444, 0.08902592192992657, 0.0792559778923781], "train_acc": [0.9207, 0.9385, 0.9485, 0.9554, 0.9607, 0.9661, 0.9685, 0.9743, 0.9739, 0.9769], "test_loss": [0.2748925790289589, 0.21610078185491316, 0.18369117586217704, 0.1589352939256394, 0.14706921164084671, 0.12846264070745336, 0.1203548621610772, 0.11157945704904078, 0.11062588773267035, 0.1008399693764146], "test_acc": [0.923, 0.9378, 0.9481, 0.9545, 0.9571, 0.9625, 0.9657, 0.9681, 0.9681, 0.9703], "cum_time": [4.731718070999705, 8.410034968999753, 12.917716828998891, 18.23534298099912, 24.416120082998532, 29.21741965899855, 33.71411901799911, 38.72291485400092, 43.887266774001546, 49.27135408800132], "cum_flops": [238200000000.0, 476400000000.0, 714600000000.0, 952800000000.0, 1191000000000.0, 1429200000000.0, 1667400000000.0, 1905600000000.0, 2143800000000.0, 2382000000000.0], "energy_kwh": 0.0005807929556888529, "avg_power_w": 44.538060342250006, "co2_g_brasil": 0.06969515468266235}, "Adam": {"epoch": [1, 2, 3, 4, 5, 6, 7, 8, 9, 10], "train_loss": [0.11713563625942087, 0.07291710621825376, 0.05016021472886601, 0.027141173421409225, 0.022167878318064712, 0.012898279530516171, 0.010976634274680062, 0.00826533013758201, 0.005004595417934154, 0.008557284315932166], "train_acc": [0.9657, 0.9785, 0.9844, 0.9933, 0.9949, 0.9976, 0.9977, 0.9987, 0.9992, 0.9973], "test_loss": [0.12781801737695614, 0.09503784648101249, 0.08363130893138111, 0.06526336971441868, 0.06989381827279947, 0.0680358766763766, 0.06406089226205222, 0.06378208749110229, 0.06592530589497346, 0.07092555219318483], "test_acc": [0.9623, 0.9717, 0.9737, 0.9794, 0.9785, 0.9792, 0.9817, 0.9817, 0.9809, 0.9807], "cum_time": [11.03929463500026, 21.468743164999978, 31.079448833001152, 40.23713345500073, 49.440698055999746, 58.59275838400026, 67.99591755099937, 78.22698534600022, 87.94575640099902, 97.57829090499945], "cum_flops": [238200000000.0, 476400000000.0, 714600000000.0, 952800000000.0, 1191000000000.0, 1429200000000.0, 1667400000000.0, 1905600000000.0, 2143800000000.0, 2382000000000.0], "energy_kwh": 0.0010699416286959992, "avg_power_w": 44.79728137722794, "co2_g_brasil": 0.1283929954435199}, "_meta": {"epochs": 10, "batch": 128, "n_train": 50000, "n_test": 10000, "brasil_kg_co2_por_kwh": 0.12, "energia_medida": true}, "SGD-PID": {"epoch": [1, 2, 3, 4, 5, 6, 7, 8, 9, 10], "train_loss": [0.1053878923430271, 0.07333351404269452, 0.042878767468340476, 0.029479068606836238, 0.019758803486236116, 0.014616830721167023, 0.01062510887743929, 0.006146789548245715, 0.004440846084340176, 0.00366788330341539], "train_acc": [0.9694, 0.9764, 0.9873, 0.9914, 0.9952, 0.9971, 0.9979, 0.9994, 0.9997, 0.9998], "test_loss": [0.11790430433954693, 0.09526750276502155, 0.07633652236948728, 0.06566069254432427, 0.06554957930819771, 0.06689149434185505, 0.06066311635954788, 0.05627461225234662, 0.057852577575523444, 0.05768639933870173], "test_acc": [0.9658, 0.9701, 0.9755, 0.9794, 0.9796, 0.9803, 0.9807, 0.9831, 0.9822, 0.9835], "cum_time": [9.765871263998633, 18.825608327997543, 28.12406522299898, 35.67098063299818, 43.971566906999215, 51.72210408599858, 59.29404296999746, 67.05839206499695, 73.76333515799706, 80.25561535599627], "cum_flops": [238200000000.0, 476400000000.0, 714600000000.0, 952800000000.0, 1191000000000.0, 1429200000000.0, 1667400000000.0, 1905600000000.0, 2143800000000.0, 2382000000000.0], "energy_kwh": 0.0008890106332692416, "avg_power_w": 44.74778728314706, "co2_g_brasil": 0.10668127599230899}, "Adam-PID": {"epoch": [1, 2, 3, 4, 5, 6, 7, 8, 9, 10], "train_loss": [0.10290487575789573, 0.06263405677955428, 0.02955848461839712, 0.02377329019743447, 0.014184512979063067, 0.014714419694678028, 0.010164750732490733, 0.015753479441791153, 0.007398977738351678, 0.01132343003109577], "train_acc": [0.9687, 0.9804, 0.992, 0.9927, 0.996, 0.995, 0.9968, 0.9941, 0.9977, 0.9965], "test_loss": [0.12290477601521822, 0.09581501402338044, 0.07103621371791775, 0.06770047418288828, 0.06880033215202379, 0.08219279569456861, 0.06938404312245695, 0.07989791855026712, 0.07539354243035214, 0.09574502794001272], "test_acc": [0.9611, 0.9706, 0.9781, 0.9798, 0.981, 0.9757, 0.9823, 0.9776, 0.9815, 0.9776], "cum_time": [10.410505793999619, 20.974729684998238, 31.31171152599927, 41.56398879900007, 52.370117963000666, 62.98624342400035, 72.864260483002, 83.33623495200118, 93.44959086900235, 104.045020157002], "cum_flops": [238200000000.0, 476400000000.0, 714600000000.0, 952800000000.0, 1191000000000.0, 1429200000000.0, 1667400000000.0, 1905600000000.0, 2143800000000.0, 2382000000000.0], "energy_kwh": 0.0011164860693778928, "avg_power_w": 44.62501521, "co2_g_brasil": 0.13397832832534715}}