{"train_loss": [1.5616638616561889, 1.0330830995368958, 0.7781503438186645, 0.6626728119468689, 0.5835430346107483, 0.5323647712135315, 0.4988734403991699, 0.4682593026351929, 0.4524588973426819, 0.43239144365310667, 0.42146488304138185, 0.4131909927368164, 0.4060197150993347, 0.3974867893409729, 0.3907291644668579, 0.3845040115356445, 0.38017460824012755, 0.3785556822872162, 0.3681621464729309, 0.3682607003688812, 0.36964195459365845, 0.3590013596916199, 0.3657746606826782, 0.35581290921211245, 0.3568422376060486, 0.34965828844070435, 0.3514673411464691, 0.348654528503418, 0.3433338501739502, 0.34673968333244326, 0.3357157936668396, 0.34221274468421936, 0.33519500146865844, 0.33175356365203856, 0.33506739641189576, 0.33532974561691287, 0.3386113685512543, 0.330482673625946, 0.33185913950920104, 0.33357118092536925], "train_acc": [0.43428, 0.63584, 0.73086, 0.77116, 0.79916, 0.81816, 0.82732, 0.83924, 0.8449, 0.8508, 0.85566, 0.85996, 0.8619, 0.86384, 0.86746, 0.8707, 0.87134, 0.86978, 0.87538, 0.87524, 0.87336, 0.8782, 0.87506, 0.88072, 0.87746, 0.88326, 0.88014, 0.882, 0.88562, 0.88286, 0.8852, 0.885, 0.88748, 0.8867, 0.88804, 0.88624, 0.88406, 0.88846, 0.88792, 0.88744], "test_loss": [1.3528018632888794, 1.0307490745544434, 0.846301409816742, 0.9199531116485595, 0.6980900953292847, 0.8773828129768372, 0.6294425552606583, 0.6791764590740204, 0.563356222820282, 0.5265801500320435, 0.5553424289703369, 0.5059081230163575, 0.5874009698867798, 0.6202976104736329, 0.5553282180786133, 0.5810305027008057, 0.6444550631523133, 0.5030934270858765, 0.6421810747146607, 0.44172804288864137, 0.6643342116355896, 0.5625932692527771, 0.5819101453781128, 0.5005395737648011, 0.5109795190811157, 0.5400044116973877, 0.5189157060146332, 0.7132379058837891, 0.638212444114685, 0.49000952453613283, 0.46465749440193177, 0.4685943372011185, 0.42152851440906525, 0.5091439588546753, 0.4567279601097107, 0.4517998340606689, 0.5228565312385559, 0.5242752000808716, 0.9479554828643799, 0.4640427050113678], "test_acc": [0.5478, 0.6498, 0.7111, 0.7156, 0.7705, 0.7235, 0.7856, 0.7777, 0.8086, 0.8212, 0.8149, 0.8294, 0.8081, 0.7944, 0.819, 0.8088, 0.8029, 0.8332, 0.796, 0.8472, 0.7917, 0.8217, 0.8149, 0.8367, 0.8313, 0.8264, 0.8342, 0.7803, 0.7975, 0.8387, 0.8477, 0.8443, 0.8558, 0.827, 0.8474, 0.8487, 0.8293, 0.8291, 0.7207, 0.8422], "epochs_to_target": 33, "diverged": false, "seed": 1}