{"train_loss": [1.5685458887100219, 1.0234373826789855, 0.7763419454956054, 0.662101110754013, 0.5803336494350433, 0.5291093057632447, 0.4961990181541443, 0.4665982360458374, 0.4470774446773529, 0.4295780179691315, 0.4185964047050476, 0.4115702260971069, 0.4058097802734375, 0.3964752805805206, 0.3884523733139038, 0.3868334122467041, 0.3794994404792786, 0.37357137849807737, 0.3692511164569855, 0.36782289892196657, 0.36310468262672424, 0.36105737548828126, 0.35251855182647707, 0.3546696578121185, 0.35260038363456725, 0.34941451084136965, 0.3483224725675583, 0.34422233547210696, 0.34466626145362855, 0.33689524697303774, 0.34243150073051454, 0.3371176452541351, 0.34038400846481326, 0.3413891235256195, 0.34147625528335573, 0.3379199679660797, 0.33589019433021544, 0.3316759902191162, 0.33389638681411743, 0.32762965210914613], "train_acc": [0.43226, 0.63726, 0.7306, 0.7713, 0.80102, 0.8202, 0.83036, 0.84138, 0.8472, 0.85336, 0.85706, 0.85892, 0.8618, 0.86484, 0.86852, 0.86692, 0.87016, 0.87248, 0.87238, 0.87446, 0.87834, 0.87802, 0.87964, 0.87874, 0.88038, 0.88196, 0.88014, 0.88322, 0.8833, 0.88654, 0.88316, 0.88528, 0.88424, 0.8849, 0.88398, 0.88536, 0.88618, 0.8879, 0.88732, 0.88886], "test_loss": [1.3358575931549073, 1.4529860004425048, 0.8855786640167236, 0.6681700341701508, 0.6762286544799805, 0.6304455642700195, 0.9644365514755249, 0.6405329055786133, 0.7417946480751038, 0.6785865416049958, 0.6517452243328095, 0.5405801042556763, 0.9086160652637482, 0.8607258822441101, 0.5607829636573791, 0.6128670624732971, 0.5124960184574128, 0.48310516319274904, 0.7957964874744415, 0.7118108539581299, 0.4929467539787292, 0.5830079578399658, 0.5449850014686585, 0.5278060296058654, 0.6385276953697204, 0.5145325848579406, 0.6967624977111816, 0.5395252700805664, 0.5876600993156433, 0.5265081401824951, 0.44815277757644656, 0.48504637713432314, 0.7261898718833923, 0.5811851168155671, 0.6365225338935852, 0.781432725906372, 0.49645588760375975, 0.43670994462966917, 0.5756011856079102, 0.49755819540023805], "test_acc": [0.5576, 0.5545, 0.6994, 0.7714, 0.7737, 0.7868, 0.7023, 0.7836, 0.7525, 0.7792, 0.7892, 0.8218, 0.7383, 0.7405, 0.8156, 0.8055, 0.8344, 0.8373, 0.7575, 0.7661, 0.8321, 0.8066, 0.8231, 0.8285, 0.7988, 0.8319, 0.7789, 0.8197, 0.8092, 0.8265, 0.8458, 0.8357, 0.7717, 0.8093, 0.7958, 0.7632, 0.8391, 0.8575, 0.8218, 0.8376], "epochs_to_target": 38, "diverged": false, "seed": 0}