{
  "args": {
    "optimizers": [
      "sgd",
      "adam",
      "sgd_pid",
      "adam_pid"
    ],
    "epochs": 40,
    "batch_size": 128,
    "lr": null,
    "weight_decay": 0.0005,
    "kp": 0.5,
    "ki": 1.0,
    "kd": 0.3,
    "clip": 1.0,
    "target": 0.85,
    "stem": "cifar",
    "seeds": [
      0,
      1
    ],
    "workers": 8,
    "data_dir": "./data",
    "out_dir": "./experiments/resnet18_compare",
    "fast": true,
    "amp": false,
    "smoke": true
  },
  "aggregate": {
    "sgd": {
      "n_seeds": 2,
      "n_completed": 2,
      "final_acc": [
        0.2912,
        0.2844
      ],
      "best_acc": [
        0.2912,
        0.2844
      ],
      "epochs_to_target": [
        null,
        null
      ],
      "curves": {
        "train_loss": {
          "mean": [
            2.1307594418525695
          ],
          "std": [
            0.007691427071889301
          ]
        },
        "test_loss": {
          "mean": [
            1.932097583580017
          ],
          "std": [
            0.01254583835601808
          ]
        },
        "train_acc": {
          "mean": [
            0.21927083333333336
          ],
          "std": [
            0.00026041666666666574
          ]
        },
        "test_acc": {
          "mean": [
            0.2878
          ],
          "std": [
            0.003400000000000014
          ]
        }
      }
    },
    "adam": {
      "n_seeds": 2,
      "n_completed": 2,
      "final_acc": [
        0.2369,
        0.2556
      ],
      "best_acc": [
        0.2369,
        0.2556
      ],
      "epochs_to_target": [
        null,
        null
      ],
      "curves": {
        "train_loss": {
          "mean": [
            1.971220330397288
          ],
          "std": [
            0.01569810310999553
          ]
        },
        "test_loss": {
          "mean": [
            2.527930215549469
          ],
          "std": [
            0.32248820581436144
          ]
        },
        "train_acc": {
          "mean": [
            0.2743489583333333
          ],
          "std": [
            0.0063802083333333315
          ]
        },
        "test_acc": {
          "mean": [
            0.24625
          ],
          "std": [
            0.009349999999999997
          ]
        }
      }
    },
    "sgd_pid": {
      "n_seeds": 2,
      "n_completed": 2,
      "final_acc": [
        0.2774,
        0.2771
      ],
      "best_acc": [
        0.2774,
        0.2771
      ],
      "epochs_to_target": [
        null,
        null
      ],
      "curves": {
        "train_loss": {
          "mean": [
            2.077654137214025
          ],
          "std": [
            0.00014951825141906738
          ]
        },
        "test_loss": {
          "mean": [
            2.03409175825119
          ],
          "std": [
            0.08142943048477169
          ]
        },
        "train_acc": {
          "mean": [
            0.22669270833333333
          ],
          "std": [
            0.0022135416666666657
          ]
        },
        "test_acc": {
          "mean": [
            0.27725
          ],
          "std": [
            0.00014999999999998348
          ]
        }
      }
    },
    "adam_pid": {
      "n_seeds": 2,
      "n_completed": 2,
      "final_acc": [
        0.2803,
        0.3379
      ],
      "best_acc": [
        0.2803,
        0.3379
      ],
      "epochs_to_target": [
        null,
        null
      ],
      "curves": {
        "train_loss": {
          "mean": [
            2.110116668542226
          ],
          "std": [
            0.01210064888000506
          ]
        },
        "test_loss": {
          "mean": [
            1.9653872227668763
          ],
          "std": [
            0.14994453706741329
          ]
        },
        "train_acc": {
          "mean": [
            0.241015625
          ],
          "std": [
            0.004557291666666671
          ]
        },
        "test_acc": {
          "mean": [
            0.3091
          ],
          "std": [
            0.028799999999999992
          ]
        }
      }
    }
  },
  "per_seed": {
    "sgd": [
      {
        "train_loss": [
          2.138450868924459
        ],
        "train_acc": [
          0.21901041666666668
        ],
        "test_loss": [
          1.9446434219360351
        ],
        "test_acc": [
          0.2912
        ],
        "epochs_to_target": null,
        "diverged": false,
        "seed": 0
      },
      {
        "train_loss": [
          2.12306801478068
        ],
        "train_acc": [
          0.21953125
        ],
        "test_loss": [
          1.919551745223999
        ],
        "test_acc": [
          0.2844
        ],
        "epochs_to_target": null,
        "diverged": false,
        "seed": 1
      }
    ],
    "adam": [
      {
        "train_loss": [
          1.9555222272872925
        ],
        "train_acc": [
          0.28072916666666664
        ],
        "test_loss": [
          2.8504184213638304
        ],
        "test_acc": [
          0.2369
        ],
        "epochs_to_target": null,
        "diverged": false,
        "seed": 0
      },
      {
        "train_loss": [
          1.9869184335072836
        ],
        "train_acc": [
          0.26796875
        ],
        "test_loss": [
          2.2054420097351075
        ],
        "test_acc": [
          0.2556
        ],
        "epochs_to_target": null,
        "diverged": false,
        "seed": 1
      }
    ],
    "sgd_pid": [
      {
        "train_loss": [
          2.077803655465444
        ],
        "train_acc": [
          0.22447916666666667
        ],
        "test_loss": [
          1.9526623277664183
        ],
        "test_acc": [
          0.2774
        ],
        "epochs_to_target": null,
        "diverged": false,
        "seed": 0
      },
      {
        "train_loss": [
          2.077504618962606
        ],
        "train_acc": [
          0.22890625
        ],
        "test_loss": [
          2.1155211887359617
        ],
        "test_acc": [
          0.2771
        ],
        "epochs_to_target": null,
        "diverged": false,
        "seed": 1
      }
    ],
    "adam_pid": [
      {
        "train_loss": [
          2.098016019662221
        ],
        "train_acc": [
          0.24557291666666667
        ],
        "test_loss": [
          2.1153317598342896
        ],
        "test_acc": [
          0.2803
        ],
        "epochs_to_target": null,
        "diverged": false,
        "seed": 0
      },
      {
        "train_loss": [
          2.122217317422231
        ],
        "train_acc": [
          0.23645833333333333
        ],
        "test_loss": [
          1.815442685699463
        ],
        "test_acc": [
          0.3379
        ],
        "epochs_to_target": null,
        "diverged": false,
        "seed": 1
      }
    ]
  }
}