{
  "note": "val_mean/val_std = acuracia de TESTE; energia medida com CodeCarbon (CPU+GPU), CO2 no fator BR 0.12 kg/kWh",
  "energia_medida": true,
  "final_test": [
    {
      "tag": "SGDPID-classic a0.9 Kd0.0 lr0.05",
      "params": {
        "form": "sgd_classic",
        "alpha": 0.9,
        "Kd": 0.0,
        "lr": 0.05
      },
      "diverged": false,
      "n_seeds": 5,
      "accs": [
        98.36,
        98.27,
        98.37,
        98.4,
        98.47
      ],
      "val_mean": 98.374,
      "val_std": 0.07231873892705971,
      "ep_mean": 1.0,
      "ep_std": 0.0,
      "time_per_run_s": 5.177131880399702,
      "time_to_target_s": 0.662631940799929,
      "acc_curve": {
        "mean": [
          96.974,
          97.50800000000001,
          97.75,
          97.848,
          98.11,
          98.15400000000001,
          98.29400000000001,
          98.374
        ],
        "std": [
          0.16930445948054648,
          0.25087048451342026,
          0.18077610461562735,
          0.09600000000000133,
          0.09818350166906933,
          0.15147276983009045,
          0.04882622246293569,
          0.06468384651518629
        ]
      },
      "loss_curve": {
        "mean": [
          0.0986656390503049,
          0.08221099676564336,
          0.07506798271089792,
          0.07355813053436577,
          0.06756392586044967,
          0.06710251696873457,
          0.06474597657099365,
          0.06386940694879742
        ],
        "std": [
          0.005134523568210359,
          0.006932587099338758,
          0.0034464229947639134,
          0.005277887234395005,
          0.002271350809651042,
          0.005571239592124733,
          0.0016107507724734172,
          0.0019183621224878374
        ]
      },
      "energy_kwh_total": 0.00031728039864198024,
      "energy_wh_per_run": 0.06345607972839604,
      "co2_g_total": 0.03807364783703763,
      "co2_g_per_run": 0.007614729567407526,
      "avg_power_w": 32.585919773489564,
      "energy_wh_to_target": 0.00812187640519132,
      "co2_g_to_target": 0.0009746251686229585
    },
    {
      "tag": "SGDPID-sep Kp1.0 Ki0.5 Kd0.3",
      "params": {
        "form": "sgd_sep",
        "Kp": 1.0,
        "Ki": 0.5,
        "Kd": 0.3,
        "lr": 0.1,
        "m": 0.9
      },
      "diverged": false,
      "n_seeds": 5,
      "accs": [
        98.44000000000001,
        98.06,
        98.39,
        98.09,
        98.36
      ],
      "val_mean": 98.268,
      "val_std": 0.1788015659886694,
      "ep_mean": 1.0,
      "ep_std": 0.0,
      "time_per_run_s": 5.64934779460018,
      "time_to_target_s": 0.7221912072000578,
      "acc_curve": {
        "mean": [
          96.94800000000001,
          97.492,
          97.6,
          97.77,
          97.988,
          98.15799999999999,
          98.226,
          98.268
        ],
        "std": [
          0.08953211714239823,
          0.2713226861137868,
          0.12132600710482387,
          0.2679552201394839,
          0.09389355675444434,
          0.05878775382680034,
          0.04029888335922135,
          0.15992498241363168
        ]
      },
      "loss_curve": {
        "mean": [
          0.09681132655590774,
          0.0828524036332965,
          0.08171054139733315,
          0.07803944518789649,
          0.07317727966234087,
          0.07178421096410602,
          0.06864473912632094,
          0.06876746356952937
        ],
        "std": [
          0.004368861863137199,
          0.007921585331521033,
          0.004325728297919317,
          0.008739570073318428,
          0.0036333047241936265,
          0.003383387780783723,
          0.001911364351071501,
          0.005081637260405036
        ]
      },
      "energy_kwh_total": 0.0003405237387944386,
      "energy_wh_per_run": 0.06810474775888772,
      "co2_g_total": 0.040862848655332636,
      "co2_g_per_run": 0.008172569731066528,
      "avg_power_w": 32.964472836116876,
      "energy_wh_to_target": 0.008706252790288244,
      "co2_g_to_target": 0.0010447503348345894
    },
    {
      "tag": "AdamPID Kp0.0 Ki0.5 Kd0.3",
      "params": {
        "form": "adam_pid",
        "Kp": 0.0,
        "Ki": 0.5,
        "Kd": 0.3,
        "lr": 0.001
      },
      "diverged": false,
      "n_seeds": 5,
      "accs": [
        98.00999999999999,
        97.71,
        98.05,
        98.00999999999999,
        98.18
      ],
      "val_mean": 97.99199999999999,
      "val_std": 0.17239489551608328,
      "ep_mean": 1.0,
      "ep_std": 0.0,
      "time_per_run_s": 6.688304382799743,
      "time_to_target_s": 0.9005747961999987,
      "acc_curve": {
        "mean": [
          96.27,
          97.306,
          97.556,
          97.756,
          98.018,
          97.91999999999999,
          97.934,
          97.99199999999999
        ],
        "std": [
          0.13053735097664593,
          0.10594338110519438,
          0.13632314550361652,
          0.14840485167271256,
          0.07678541528181103,
          0.1237739875741259,
          0.17928747864812097,
          0.15419468213917437
        ]
      },
      "loss_curve": {
        "mean": [
          0.1255378682911396,
          0.09019192304462195,
          0.07764270532876254,
          0.07412415124475957,
          0.06707725832238794,
          0.07046276103705167,
          0.07070783520117403,
          0.07138880646787585
        ],
        "std": [
          0.003934705890030787,
          0.0035081350572153144,
          0.0026031980970295503,
          0.004335280628067133,
          0.003185016246286393,
          0.0046774026365663515,
          0.004527377991290694,
          0.005821997832766965
        ]
      },
      "energy_kwh_total": 0.0004032483987032112,
      "energy_wh_per_run": 0.08064967974064224,
      "co2_g_total": 0.048389807844385346,
      "co2_g_per_run": 0.00967796156887707,
      "avg_power_w": 32.19174585399939,
      "energy_wh_to_target": 0.010859414395494437,
      "co2_g_to_target": 0.0013031297274593324
    },
    {
      "tag": "SGD (artigo) lr0.1 m0",
      "params": {
        "form": "sgd",
        "lr": 0.1,
        "m": 0.0
      },
      "diverged": false,
      "n_seeds": 5,
      "accs": [
        97.96000000000001,
        97.72,
        98.02,
        97.96000000000001,
        97.95
      ],
      "val_mean": 97.922,
      "val_std": 0.11627553482999019,
      "ep_mean": 2.0,
      "ep_std": 0.0,
      "time_per_run_s": 3.5646263542001635,
      "time_to_target_s": 0.9393654228000287,
      "acc_curve": {
        "mean": [
          95.368,
          96.702,
          97.258,
          97.558,
          97.73400000000001,
          97.888,
          97.882,
          97.922
        ],
        "std": [
          0.12056533498481027,
          0.06705221845696259,
          0.13614697940094223,
          0.1236769986699269,
          0.06829348431585414,
          0.06881860213634153,
          0.07413501197140138,
          0.10400000000000101
        ]
      },
      "loss_curve": {
        "mean": [
          0.16142847225069998,
          0.11138517118990424,
          0.09064825043082239,
          0.08190035354346037,
          0.07400654014199971,
          0.06947182770818472,
          0.06805660467594861,
          0.0664323061145842
        ],
        "std": [
          0.0017022563097149142,
          0.002332645831474211,
          0.0023822441882861986,
          0.0032897147967224025,
          0.002046733473345677,
          0.001135819973903342,
          0.0009247787397031803,
          0.002420307307734283
        ]
      },
      "energy_kwh_total": 0.0002260606058806031,
      "energy_wh_per_run": 0.045212121176120626,
      "co2_g_total": 0.027127272705672372,
      "co2_g_per_run": 0.005425454541134475,
      "avg_power_w": 32.25165838268573,
      "energy_wh_to_target": 0.011914489515640224,
      "co2_g_to_target": 0.0014297387418768265
    },
    {
      "tag": "Adam lr0.002",