{
  "note": "val_mean/val_std = acuracia de TESTE; energia medida com CodeCarbon (CPU+GPU), CO2 no fator BR 0.12 kg/kWh",
  "energia_medida": true,
  "final_test": [
    {
      "tag": "AdamPID Kp0.0 Ki0.5 Kd0.0",
      "params": {
        "form": "adam_pid",
        "Kp": 0.0,
        "Ki": 0.5,
        "Kd": 0.0,
        "lr": 0.001
      },
      "diverged": false,
      "n_seeds": 5,
      "accs": [
        88.44999999999999,
        88.66000000000001,
        88.51,
        88.92,
        88.44999999999999
      ],
      "val_mean": 88.598,
      "val_std": 0.1994241710525634,
      "ep_mean": 3.2,
      "ep_std": 0.4472135954999579,
      "time_per_run_s": 6.381447271200114,
      "time_to_target_s": 2.573981898400052,
      "acc_curve": {
        "mean": [
          84.694,
          86.544,
          87.2,
          87.56000000000002,
          87.63,
          87.56800000000001,
          88.14000000000001,
          88.598
        ],
        "std": [
          0.37934680702491874,
          0.2908332855778342,
          0.3645819523783363,
          0.32446879665076755,
          0.5673446924048908,
          0.6702357794090089,
          0.1891031464571663,
          0.17837040113203104
        ]
      },
      "loss_curve": {
        "mean": [
          0.4226297473907471,
          0.3732833397388458,
          0.3528330206871032,
          0.3445199364423752,
          0.3450847095251083,
          0.34832546174526213,
          0.340318489074707,
          0.3293966746330261
        ],
        "std": [
          0.008790634354542044,
          0.0075579849656479785,
          0.006862070040564438,
          0.011604863708652486,
          0.015288907643953294,
          0.017212540787765275,
          0.005835001172331316,
          0.005990434154757206
        ]
      },
      "energy_kwh_total": 0.00038726349369754074,
      "energy_wh_per_run": 0.07745269873950815,
      "co2_g_total": 0.04647161924370489,
      "co2_g_per_run": 0.009294323848740977,
      "avg_power_w": 32.832583574393915,
      "energy_wh_to_target": 0.031240851183940585,
      "co2_g_to_target": 0.00374890214207287
    },
    {
      "tag": "SGDPID-classic a0.9 Kd0.0 lr0.01",
      "params": {
        "form": "sgd_classic",
        "alpha": 0.9,
        "Kd": 0.0,
        "lr": 0.01
      },
      "diverged": false,
      "n_seeds": 5,
      "accs": [
        88.35,
        88.38000000000001,
        88.24,
        88.5,
        88.32
      ],
      "val_mean": 88.358,
      "val_std": 0.09497368056467308,
      "ep_mean": 4.0,
      "ep_std": 0.7071067811865476,
      "time_per_run_s": 4.972468731400068,
      "time_to_target_s": 2.501835460800021,
      "acc_curve": {
        "mean": [
          84.21200000000002,
          85.972,
          86.776,
          87.21400000000001,
          87.274,
          87.08599999999998,
          87.86800000000001,
          88.358
        ],
        "std": [
          0.2996931764321654,
          0.2872907934480295,
          0.3156326979259254,
          0.5046820781442493,
          0.5190992198029192,
          0.9440677941758217,
          0.28081310510729923,
          0.08494704232638385
        ]
      },
      "loss_curve": {
        "mean": [
          0.43441947519779206,
          0.3906743144989014,
          0.36825272977352147,
          0.35662559211254113,
          0.3538368028402329,
          0.3579671972990036,
          0.33682407438755035,
          0.3277655917406082
        ],
        "std": [
          0.0073273987625450485,
          0.007713262569229869,
          0.0061285088570638,
          0.01608977247079955,
          0.012873646810955819,
          0.02370293267531979,
          0.005681363350768889,
          0.0029992753766070516
        ]
      },
      "energy_kwh_total": 0.0003061450224684006,
      "energy_wh_per_run": 0.061229004493680114,
      "co2_g_total": 0.036737402696208066,
      "co2_g_per_run": 0.007347480539241613,
      "avg_power_w": 32.42093821784387,
      "energy_wh_to_target": 0.0308066079338907,
      "co2_g_to_target": 0.0036967929520668836
    },
    {
      "tag": "Adam lr0.001",
      "params": {
        "form": "adam",
        "lr": 0.001
      },
      "diverged": false,
      "n_seeds": 5,
      "accs": [
        88.21,
        88.27000000000001,
        88.52,
        88.64999999999999,
        88.08
      ],
      "val_mean": 88.34599999999999,
      "val_std": 0.23330237889914157,
      "ep_mean": 3.6,
      "ep_std": 0.8944271909999159,
      "time_per_run_s": 4.918513084200095,
      "time_to_target_s": 2.235647557000084,
      "acc_curve": {
        "mean": [
          84.89000000000001,
          86.374,
          86.92,
          87.25800000000001,
          87.336,
          87.35999999999999,
          87.92800000000001,
          88.34599999999999
        ],
        "std": [
          0.4755207671595449,
          0.36652967137736514,
          0.43030221937610097,
          0.2647564918939702,
          0.3074150289104278,
          0.831793243540725,
          0.2058543174188942,
          0.20867199141235723
        ]
      },
      "loss_curve": {
        "mean": [
          0.4176780360937119,
          0.3787989568710327,
          0.36521195411682134,
          0.3572294414043427,
          0.3613183909654617,
          0.3631897419691086,
          0.35660019397735593,
          0.3483129775524139
        ],
        "std": [
          0.01215943562564581,
          0.007192536412573377,
          0.008400109928846985,
          0.01116728820794198,
          0.008668140112650477,
          0.020384023359570465,
          0.008242693419771812,
          0.007712364249826786
        ]
      },
      "energy_kwh_total": 0.0003019606020696556,
      "energy_wh_per_run": 0.060392120413931126,
      "co2_g_total": 0.03623527224835867,
      "co2_g_per_run": 0.007247054449671735,
      "avg_power_w": 32.371607487599555,
      "energy_wh_to_target": 0.027450470122601656,
      "co2_g_to_target": 0.0032940564147121987
    },
    {
      "tag": "SGD (artigo) lr0.1 m0",
      "params": {
        "form": "sgd",
        "lr": 0.1,
        "m": 0.0
      },
      "diverged": false,
      "n_seeds": 5,
      "accs": [
        88.37,
        88.38000000000001,
        87.16000000000001,
        88.22,
        87.77000000000001
      ],
      "val_mean": 87.97999999999999,
      "val_std": 0.5211045960265531,
      "ep_mean": 5.0,
      "ep_std": 1.7320508075688772,
      "time_per_run_s": 3.7049238712000716,
      "time_to_target_s": 2.38974973280001,
      "acc_curve": {
        "mean": [
          84.216,
          85.696,
          86.50200000000001,
          86.752,
          87.2,
          86.81999999999998,
          87.712,
          87.97999999999999
        ],
        "std": [
          0.5836300197899352,
          0.45035985611508583,
          0.22815784010197343,
          0.8113051213939142,
          0.6137426170635352,
          0.5611773338259488,
          0.8852434693348498,
          0.4660901200411759
        ]
      },
      "loss_curve": {
        "mean": [
          0.436847340464592,
          0.391953854560852,
          0.37088145017623897,
          0.36380389630794524,
          0.3532841545343399,
          0.3581051099300384,
          0.3396559178829193,
          0.3346828097105027
        ],
        "std": [
          0.010623441871608205,
          0.0079998576788321,
          0.0052730773133397475,
          0.015750096535175746,
          0.012423992504160973,
          0.012424881852531254,
          0.018038330627450926,
          0.010237551940893605
        ]
      },
      "energy_kwh_total": 0.0002327651879509582,
      "energy_wh_per_run": 0.04655303759019164,
      "co2_g_total": 0.02793182255411498,
      "co2_g_per_run": 0.005586364510822997,
      "avg_power_w": 32.92292610855073,
      "energy_wh_to_target": 0.030027637006790633,