{
  "confirmed": [
    {
      "tag": "AdamPID Kp0.0 Ki0.5 Kd0.0",
      "params": {
        "form": "adam_pid",
        "Kp": 0.0,
        "Ki": 0.5,
        "Kd": 0.0,
        "lr": 0.001
      },
      "diverged": false,
      "n_seeds": 5,
      "n_div": 0,
      "accs": [
        88.83,
        88.91,
        88.8,
        88.96,
        88.51
      ],
      "val_mean": 88.80199999999999,
      "val_std": 0.17512852423291458,
      "ep_to_target": [
        3,
        2,
        3,
        2,
        3
      ],
      "ep_mean": 2.6,
      "ep_std": 0.5477225575051661,
      "n_reached": 5
    },
    {
      "tag": "AdamPID Kp0.5 Ki1.0 Kd0.3",
      "params": {
        "form": "adam_pid",
        "Kp": 0.5,
        "Ki": 1.0,
        "Kd": 0.3,
        "lr": 0.001
      },
      "diverged": false,
      "n_seeds": 5,
      "n_div": 0,
      "accs": [
        88.98,
        88.89,
        88.05,
        88.62,
        87.91
      ],
      "val_mean": 88.49000000000001,
      "val_std": 0.4865696250281176,
      "ep_to_target": [
        3,
        3,
        3,
        2,
        3
      ],
      "ep_mean": 2.8,
      "ep_std": 0.4472135954999579,
      "n_reached": 5
    },
    {
      "tag": "AdamPID Kp0.5 Ki1.0 Kd0.1",
      "params": {
        "form": "adam_pid",
        "Kp": 0.5,
        "Ki": 1.0,
        "Kd": 0.1,
        "lr": 0.001
      },
      "diverged": false,
      "n_seeds": 5,
      "n_div": 0,
      "accs": [
        88.8,
        88.68,
        87.49,
        88.53,
        88.14
      ],
      "val_mean": 88.328,
      "val_std": 0.5303489417355358,
      "ep_to_target": [
        3,
        3,
        3,
        2,
        3
      ],
      "ep_mean": 2.8,
      "ep_std": 0.4472135954999579,
      "n_reached": 5
    }
  ]
}